II1A;II1B;II1C;II1D;II1E;II1F;II2A;II2B;II2C;II2D;II2E;II2F;II3IA;II3FINANCE;II3IOT;II3GL
Aya ;Aya;Alya;Ala;Manel;Alya;Ala;Maryam;Maryam;Amira;Aya;Lina;Rayen;Jana;Ahmed;Rayan
ahmed;Ayoub;Ahmed;Bassem;Assia;Manel;Naim;Lotfi;Hounayda;Jana;Ahmed;Salim;taysir;Maryam;Aya;Amir
Bilel;Aya;Lina;Rayen;Alya;Fairouz;Najla;Nora;Nora;Maryam;Rayan;Sami;Amira;Ahlem;Islem;Imen
Rayen;Nawel;Salim;taysir;Mouna;Manel;Naim;Emna;Emna;Layla;Amira;Ala;Amir;Nora;Nora;Ibrahim
Alya;Rayan;Sami;ines;Nour;Amir;Soan;Firas;Jana;Nora;Jana;Ahmed;Rayan;Emna;Jana;Kenza
Molka;Amir;Rami;Mayssa;Yasmine;Omran;Younes;Amira;Maryam;Emna;Maryam;Aya;Amir;Kenza;Maryam;Sandra
Imen;Emna;Islem;neyla;Assia;Ibrahim;Youssef;Jana;Layla;Kenza;Dhia;Rami;Imen;Amina;Aouini;Alya
Donia;Ibrahim;Habib;Firas;Manel;Youssef;Ilyan;Maryam;Nora;Amina;Nora;Nora;Ibrahim;Saif;Nora;Chaouchi
Siwar;kays;Najla;Assia;Wissem;Ismael;Ayoub;Leyla;Emna;Samir;Emna;Emna;Oussema;Amira;Emna;Mounir
Yasmine;Ismael;Janet;Alya;Helmi;Samir;Ali;Nora;Kenza;Kenza;Kenza;Kenza;Firas;Jana;Nora;Molka
Yssine;ilyes;Khadija;Dhia;Iheb;Nora;Wassim;Emna;Amina;Amina;Amina;Amina;Layla;Aliya;Emna;yassine
Mohamed;naim;Nour;Naima;Assia;Emna;Noham;Kenza;Chorou;Firas;Siwar;Mohamed;Nora;Malek;Kenza;Youssef
Hedi;Sohan;Malek;Mohamed;Alya;Kenza;Kenzo;Amina;Dhia;Amira;Amira;Amira;Ahlem;Henda;Amina;Hedia
Hanen;Hanin;Senda;Siwar;Latifa;Amina;Oussema;Hamza;Faouzi;Jana;Jana;Jana;Yassine;Lotfi;Siwar;Houda
Imen;Molka;Sawsen;Rania;Naim;Naima;Malouli;Amira;Moenes;Maryam;Aliya;Aliya;Donia;Mounir;Amira;Nour
